{
    "analyserDefaults": {
        "anode": {
            "start": 0,
            "step": 5,
            "stop": 300
        },
        "doubleTriode": false,
        "grid": {
            "start": 20,
            "step": 5,
            "stop": 40
        },
        "limits": {
            "iaMax": 50,
            "pMax": 25
        },
        "screen": {
            "start": 250,
            "step": 0,
            "stop": 0
        },
        "testType": 0
    },
    "deviceType": "PENTODE",
    "iaMax": 50,
    "model": {
        "a": 0.00918145755044131,
        "alpha": 0.08443197462303235,
        "ap": 0.019825641989910783,
        "beta": 0.06499487624332999,
        "device": "pentode",
        "gamma": 1.408313185669143,
        "kg1": 62.438418535975075,
        "kg2": 1102.7464780985047,
        "kg2a": 150,
        "kp": 42.09720605479428,
        "kvb": 800,
        "kvb1": 52.506673513772945,
        "lambda": 6.274309360128018,
        "mu": 19.533060656411866,
        "nu": 3.193580341510994,
        "omega": 14.629727368563254,
        "os": -0.001736125216164474,
        "psi": 3.5,
        "rho": 0.1,
        "s": 0.030193305732206865,
        "tau": 0.1,
        "theta": 0.1,
        "type": "gardiner",
        "vct": 1.3666943474324242,
        "x": 1
    },
    "name": "6L6-GC-new3",
    "paMax": 25,
    "vaMax": 500,
    "vg1Max": 40,
    "vg2Max": 250
}
