{
    "analyserDefaults": {
        "anode": {
            "start": 0,
            "step": 5,
            "stop": 300
        },
        "doubleTriode": false,
        "grid": {
            "start": 20,
            "step": 5,
            "stop": 40
        },
        "limits": {
            "iaMax": 50,
            "pMax": 25
        },
        "screen": {
            "start": 250,
            "step": 0,
            "stop": 0
        },
        "testType": 0
    },
    "deviceType": "PENTODE",
    "iaMax": 50,
    "model": {
        "a": 0.009213200189600862,
        "alpha": 0.08449904346986144,
        "ap": 0.019717088538482957,
        "beta": 0.06316455251141503,
        "device": "pentode",
        "gamma": 1.4297081359319774,
        "kg1": 63.30078253955511,
        "kg2": 1127.9640755827277,
        "kg2a": 150,
        "kp": 41.91069485878252,
        "kvb": 800,
        "kvb1": 53.137021017008266,
        "lambda": 5.630938620395503,
        "mu": 19.564656773348915,
        "nu": 3.1561983328986822,
        "omega": 18.194837679275793,
        "os": -0.0019277439689863616,
        "psi": 3.5,
        "rho": 0.1,
        "s": 0.03049320981458849,
        "tau": 0.1,
        "theta": 0.1,
        "type": "gardiner",
        "vct": 1.442216964337033,
        "x": 1
    },
    "name": "6L6-GC-new",
    "paMax": 25,
    "vaMax": 300
}
