{
    "name": "6L6-GC (Reefman)",
    "vaMax": 500.0,
    "vg1Max": 50.0,
    "iaMax": 50.0,
    "paMax": 25.0,
    "model": {
        "device": "pentode",
        "type": "reefman",
        "mu": 31.948223700799584,
        "kg1": 1001.7723096515919,
        "x": 1.5633565707452823,
        "kp": 167.09108358265513,
        "kvb": 0.0002488488272816195,
        "kvb1": 19.817171795904017,
        "vct": 0.0,
        "kg2": 5804.93760515331,
        "a": 0.0,
        "alpha": 0.22326092544089068,
        "beta": 0.06223772625903472
    }
}
