{
    "analyserDefaults": {
        "anode": {
            "start": 0,
            "step": 5,
            "stop": 300
        },
        "doubleTriode": false,
        "grid": {
            "start": 20,
            "step": 5,
            "stop": 40
        },
        "limits": {
            "iaMax": 50,
            "pMax": 25
        },
        "screen": {
            "start": 250,
            "step": 0,
            "stop": 0
        },
        "testType": 0
    },
    "deviceType": "PENTODE",
    "iaMax": 50,
    "model": {
        "a": 0.00900354795827319,
        "alpha": 0.08526159776482005,
        "ap": 0.020012421983980785,
        "beta": 0.06327505350422873,
        "device": "pentode",
        "gamma": 1.3633151294607826,
        "kg1": 61.42505073311126,
        "kg2": 1052.5743944722333,
        "kg2a": 150,
        "kp": 42.58654705369644,
        "kvb": 800,
        "kvb1": 52.796882643993165,
        "lambda": 3.4694631822610584,
        "mu": 19.282985068767484,
        "nu": 2.5897007010131103,
        "omega": 31.718379210821794,
        "os": -0.0015646173597156942,
        "psi": 3.5,
        "rho": 0.1,
        "s": 0.028444996566718367,
        "tau": 0.1,
        "theta": 0.1,
        "type": "gardiner",
        "vct": 1.221251786044797,
        "x": 1
    },
    "name": "6L6-GC-nnew",
    "paMax": 25,
    "vaMax": 300
}
