{
    "analyserDefaults": {
        "anode": {
            "start": 0,
            "step": 5,
            "stop": 300
        },
        "doubleTriode": false,
        "grid": {
            "start": 20,
            "step": 5,
            "stop": 40
        },
        "limits": {
            "iaMax": 50,
            "pMax": 25
        },
        "screen": {
            "start": 250,
            "step": 0,
            "stop": 0
        },
        "testType": 0
    },
    "deviceType": "PENTODE",
    "iaMax": 50,
    "model": {
        "a": 0.014262577449404876,
        "alpha": 0.0842312145469615,
        "ap": 0.021377747906401404,
        "beta": 0.06612312726771241,
        "device": "pentode",
        "gamma": 1.5346325935082121,
        "kg1": 62.09459101740712,
        "kg2": 1509.9934639070618,
        "kg2a": 150,
        "kp": 41.893564712770505,
        "kvb": 800,
        "kvb1": 53.99804489075511,
        "lambda": 5.378517108159207,
        "mu": 21.239947416655433,
        "nu": 3.1453275040721564,
        "omega": 16.4012474347745,
        "os": -0.0020512647457644442,
        "psi": 3.5,
        "rho": 0.1,
        "s": 0.037718174972621366,
        "tau": 0.1,
        "theta": 0.1,
        "type": "gardiner",
        "vct": 2.1280493042920354,
        "x": 1
    },
    "name": "6L6-GC-new2",
    "paMax": 25,
    "vaMax": 500,
    "vg1Max": 40,
    "vg2Max": 250
}
