{
    "iaMax": 50,
    "model": {
        "a": 0.013732558266517078,
        "alpha": 0.08660859369867739,
        "ap": 0.02129219875839425,
        "beta": 0.06556679263109028,
        "device": "pentode",
        "gamma": 1.4130850052809405,
        "kg1": 63.21861076235914,
        "kg2": 1480.30905479789,
        "kg2a": 150,
        "kp": 41.519286630389495,
        "kvb": 800,
        "kvb1": 53.85657928285295,
        "lambda": 5.15281125204987,
        "mu": 21.281759829110367,
        "nu": 3.1104230376628212,
        "omega": 17.578259704420788,
        "os": -0.0023782558083979945,
        "psi": 3.5,
        "rho": 0.1,
        "s": 0.03592974036467872,
        "tau": 0.1,
        "theta": 0.1,
        "type": "gardiner",
        "vct": 2.1992760563923803,
        "x": 1
    },
    "name": "6L6-GC",
    "paMax": 25,
    "vaMax": 300
}
