{
    "iaMax": 5,
    "model": {
        "device": "triode",
        "kg1": 764.9857112874168,
        "kp": 596.6484371967437,
        "kvb": 414.25070178319476,
        "kvb1": 8.686782146566275,
        "mu": 93.59935438852439,
        "type": "cohenHelie",
        "vct": 0.09069792155210865,
        "x": 1.4656840819924746
    },
    "name": "6n2",
    "paMax": 1.125,
    "vaMax": 300,
    "vg1Max": 5
}
