{
    "iaMax": 5,
    "model": {
        "device": "triode",
        "kg1": 870.734826700421,
        "kp": 561.6131678479686,
        "kvb": 258.15590858482926,
        "kvb1": 4.177163050473839,
        "mu": 93.75265079661722,
        "type": "cohenHelie",
        "vct": 0.12408968225577567,
        "x": 1.4868312966023787
    },
    "name": "6N2P-EV",
    "paMax": 1.125,
    "vaMax": 300,
    "vg1Max": 5
}
