{
    "iaMax": 5,
    "model": {
        "device": "triode",
        "kg1": 770.1937679271459,
        "kp": 568.8929833476853,
        "kvb": 47.871813223994266,
        "kvb1": 14.819189039080005,
        "type": "cohenHelie",
        "vct": 0.03669522799190341,
        "x": 1.477056560527102
    },
    "name": "6n2p",
    "paMax": 1.125,
    "vaMax": 300,
    "vg1Max": 5
}
