{
    "iaMax": 5,
    "model": {
        "device": "triode",
        "kg1": 742.7157242257264,
        "kp": 563.570290391658,
        "kvb": 126.93496460795654,
        "kvb1": 14.935535792912361,
        "type": "cohenHelie",
        "vct": 0.06279215918489699,
        "x": 1.4634610451329932
    },
    "name": "6N2P-EV",
    "paMax": 1.1119999885559082,
    "vaMax": 300,
    "vg1Max": 5
}
