{
    "analyserDefaults": {
        "anode": {
            "start": 0,
            "step": 5,
            "stop": 300
        },
        "doubleTriode": true,
        "grid": {
            "start": 0,
            "step": 0.5,
            "stop": 5
        },
        "limits": {
            "iaMax": 5,
            "pMax": 1.125
        },
        "screen": {
            "start": 0,
            "step": 0,
            "stop": 0
        },
        "testType": 0
    },
    "deviceType": "TRIODE",
    "iaMax": 5,
    "model": {
        "device": "triode",
        "kg1": 992.4478296706736,
        "kp": 400,
        "kvb": 112.91863900096547,
        "kvb1": 6.504253068478265,
        "mu": 92.54925887409811,
        "type": "cohenHelie",
        "vct": 0.22366623199249858,
        "x": 1.5893974708526801
    },
    "name": "6N2P-EV",
    "paMax": 1.125,
    "vaMax": 300,
    "vg1Max": 5
}
