{
    "iaMax": 5,
    "model": {
        "device": "triode",
        "kg1": 748.932121311319,
        "kp": 583.8152340907947,
        "kvb": 62.73175169615804,
        "kvb1": 11.11984330643909,
        "type": "cohenHelie",
        "vct": 0.07110436901204664,
        "x": 1.4480586913126496
    },
    "name": "6n2p",
    "paMax": 1.125,
    "vaMax": 300,
    "vg1Max": 5
}
