{
    "iaMax": 5,
    "model": {
        "device": "triode",
        "kg1": 776.1016307158811,
        "kp": 571.9570164345569,
        "kvb": 233.28100851701473,
        "kvb1": 4.9653969532636415,
        "type": "cohenHelie",
        "vct": 0.08501291377666989,
        "x": 1.4653337199269985
    },
    "name": "6N2P-1",
    "paMax": 1.125,
    "vaMax": 300,
    "vg1Max": 5
}
