{
    "name": "EL84",
    "vaMax": 400.0,
    "vg1Max": 50.0,
    "iaMax": 50.0,
    "paMax": 12.0,
    "model": {
        "device": "pentode",
        "type": "gardiner",
        "a": 0.0,
        "alpha": 0.22326092544089068,
        "ap": 0.006672978113534915,
        "beta": 0.06223772625903472,
        "gamma": 0.7817432527528245,
        "kg1": 1001.7723096515919,
        "kg2": 5804.93760515331,
        "kg2a": 7086.639092399799,
        "kp": 167.09108358265513,
        "kvb": 0.0002488488272816195,
        "kvb1": 19.817171795904017,
        "lambda": 63.89644740159917,
        "mu": 31.948223700799584,
        "nu": 36.429051709554884,
        "omega": 302.60893811254397,
        "os": 0.0,
        "psi": 5.257615566348926,
        "rho": 0.052650651608677386,
        "s": 0.2643218968596955,
        "tau": 0.4410939336039371,
        "theta": 0.8080038819552896,
        "vct": 0.0,
        "x": 1.5633565707452823
    }
}
