{
    "analyserDefaults": {
        "anode": {
            "start": 0,
            "step": 6.666666666666667,
            "stop": 500
        },
        "doubleTriode": false,
        "grid": {
            "start": 20,
            "step": 2,
            "stop": 50
        },
        "limits": {
            "iaMax": 50,
            "pMax": 25
        },
        "screen": {
            "start": 250,
            "step": 0,
            "stop": 0
        },
        "testType": 0
    },
    "deviceType": "PENTODE",
    "iaMax": 50,
    "model": {
        "device": "triode",
        "kg1": 1352.6435047421503,
        "kp": 30.436196752207696,
        "kvb": 0,
        "kvb1": 82.66792542451986,
        "mu": 11.777006677101674,
        "type": "cohenHelie",
        "vct": 2,
        "x": 1.833317185618865
    },
    "name": "triode fit",
    "paMax": 25,
    "triodeModel": {
        "device": "triode",
        "kg1": 1352.6435047421503,
        "kp": 30.436196752207696,
        "kvb": 0,
        "kvb1": 82.66792542451986,
        "mu": 11.777006677101674,
        "type": "cohenHelie",
        "vct": 2,
        "x": 1.833317185618865
    },
    "vaMax": 500,
    "vg1Max": 50,
    "vg2Max": 250
}
